retrieved,url,name,period,session,downloaded,processed
2018-01-30 17:20:36.204809,/cgi/ssd?id=uc1.32106019740171,A,24 May 1854 - 15 September 1855,"1st Parliament: 1st, 2nd, & 3rd sessions",True,True
2018-01-30 17:20:09.639880,/cgi/ssd?id=uc1.32106019740189,B,15 April 1856 – 8 July 1858,2nd Parliament: 1st & 2nd sessions,True,True
2018-01-30 17:20:08.614497,/cgi/ssd?id=uc1.32106019740197,C,9 July 1858 – 5 November 1860,2nd Parliament: 2nd & 3rd sessions,True,True
2018-01-30 17:20:35.821778,/cgi/ssd?id=uc1.32106019740205,D,3 June 1861 – 14 December 1863,"3rd Parliament: 1st, 2nd & 3rd sessions",True,True
2018-01-30 17:20:33.852330,/cgi/ssd?id=uc1.32106019740213,E,24 November 1864 – 8 October 1866,3rd Parliament: 4th & 5th sessions  4th Parliament: 1st session,True,True
2018-01-30 17:20:09.063149,/cgi/ssd?id=uc1.32106019740221,1.1,9 July 1867 – 29 August 1867,4th Parliament: 2nd session,True,True
2018-01-30 17:20:31.446162,/cgi/ssd?id=uc1.32106019740247,1.2,30 August 1867 – 10 October 1867,4th Parliament: 2nd session,True,True
2018-01-30 17:20:08.766893,/cgi/ssd?id=uc1.32106019740239,2,9 July 1868 – 21 August 1868,4th Parliament: 3rd session,True,True
2018-01-30 17:20:32.885618,/cgi/ssd?id=uc1.32106019740254,3,25 August 1868 – 24 September 1868,4th Parliament: 3rd session,True,True
2018-01-30 17:20:11.690541,/cgi/ssd?id=uc1.32106019740262,4,25 September 1868 – 20 October 1868,4th Parliament: 3rd session,True,True
2018-01-30 17:20:36.001476,/cgi/ssd?id=uc1.32106019740270,5,1 June 1869 – 16 July 1869,4th Parliament: 4th session,True,True
2018-01-30 17:20:28.917180,/cgi/ssd?id=uc1.32106019740288,6,20 July 1869 – 3 September 1869,4th Parliament: 4th session,True,True
2018-01-30 17:20:29.510046,/cgi/ssd?id=uc1.32106015265777,7,14 June 1870 – 20 July 1870,4th Parliament: 5th session,True,True
2018-01-30 17:20:08.438406,/cgi/ssd?id=uc1.32106019740296,8,21 July 1870 – 12 August 1870,4th Parliament: 5th session,True,True
2018-01-30 17:20:35.715168,/cgi/ssd?id=uc1.32106019740304,9,15 August 1870 – 13 September 1870,4th Parliament: 5th session,True,True
2018-01-30 17:20:32.637273,/cgi/ssd?id=uc1.32106019740312,10,14 August 1871 – 28 September 1871,5th Parliament: 1st session,True,True
2018-01-30 17:20:36.582377,/cgi/ssd?id=uc1.32106019740320,11,29 September 1871 – 16 November 1871,5th Parliament: 1st session,True,True
2018-01-30 17:20:29.732674,/cgi/ssd?id=uc1.32106019740338,12,16 July 1872 – 29 August 1872,5th Parliament: 2nd session,True,True
2018-01-30 17:20:08.811495,/cgi/ssd?id=uc1.32106019740346,13,30 August 1872 – 25 October 1872,5th Parliament: 2nd session,True,True
2018-01-30 17:20:08.343172,/cgi/ssd?id=uc1.32106019740353,14,15 July 1873 – 27 August 1873,5th Parliament: 3rd session,True,True
2018-01-30 17:20:35.102421,/cgi/ssd?id=uc1.32106019787131,15,28 August 1873 – 3 October 1873,5th Parliament: 3rd session,True,True
2018-01-30 17:20:32.182033,/cgi/ssd?id=uc1.32106019740361,16,3 July 1874 – 31 August 1874,5th Parliament: 4th session,True,True
2018-01-30 17:20:08.990932,/cgi/ssd?id=uc1.32106019787149,17,20 July 1875 – 27 August 1875,5th Parliament: 5th session,True,True
2018-01-30 17:20:09.034002,/cgi/ssd?id=uc1.32106019787156,18,31 August 1875 – 27 September 1875,5th Parliament: 5th session,True,True
2018-01-30 17:20:09.178276,/cgi/ssd?id=uc1.32106019787164,19,28 September 1875 – 21 October 1875,5th Parliament: 5th session,True,True
2018-01-30 17:20:34.947864,/cgi/ssd?id=uc1.32106019787172,20,15 June 1876 – 28 July 1876,6th Parliament: 1st session,True,True
2018-01-30 17:20:34.826493,/cgi/ssd?id=uc1.32106019787180,21,1 August 1876 – 31 August 1876,6th Parliament: 1st session,True,True
2018-01-30 17:20:30.785286,/cgi/ssd?id=uc1.32106019787198,22,4 September 1876 – 3 October 1876,6th Parliament: 1st session,True,True
2018-01-30 17:20:33.964132,/cgi/ssd?id=uc1.32106019787206,23,3 October 1876 – 31 October 1876,6th Parliament: 1st session,True,True
2018-01-30 17:20:08.545272,/cgi/ssd?id=uc1.32106019787214,24,19 July 1877 – 23 August 1877,6th Parliament: 2nd session,True,True
2018-01-30 17:20:35.188048,/cgi/ssd?id=uc1.32106019787222,25,24 August 1876 – 27 September 1877,6th Parliament: 2nd session,True,True
2018-01-30 17:20:29.755389,/cgi/ssd?id=uc1.32106019787230,26,27 September 1877 – 1 November 1877,6th Parliament: 2nd session,True,True
2018-01-30 17:20:11.233258,/cgi/ssd?id=uc1.32106015356980,27,2 November 1877 – 10 December 1877,6th Parliament: 2nd session,True,True
2018-01-30 17:20:30.231127,/cgi/ssd?id=uc1.32106019787248,28,26 July 1878 – 2 September 1878,6th Parliament: 3rd session,True,True
2018-01-30 17:20:36.479062,/cgi/ssd?id=uc1.32106019787255,29,3 September 1878 – 10 October 1878,6th Parliament: 3rd session,True,True
2018-01-30 17:20:08.782428,/cgi/ssd?id=uc1.32106019787263,30,10 October 1878 – 2 November 1878,6th Parliament: 3rd session,True,True
2018-01-30 17:20:08.385520,/cgi/ssd?id=uc1.32106019787271,31,11 July 1879 – 11 August 1879,6th Parliament: 4th session,True,True
2018-01-30 17:20:36.051949,/cgi/ssd?id=uc1.32106019787297,32,24 September 1879 – 30 October 1879,7th Parliament: 1st session,True,True
2018-01-30 17:20:36.117313,/cgi/ssd?id=uc1.32106019787305,33,21 October 1879 – 26 November 1879,7th Parliament: 1st session,True,True
2018-01-30 17:20:32.461495,/cgi/ssd?id=uc1.32106019787313,34,27 November 1879 – 19 December 1879,7th Parliament: 1st session,True,True
2018-01-30 17:20:28.291709,/cgi/ssd?id=uc1.32106019787289,35,28 May 1880 – 2 July 1880,7th Parliament: 2nd session,True,True
2018-01-30 17:20:36.264687,/cgi/ssd?id=uc1.32106019787321,36,6 July 1880 – 29 July 1880,7th Parliament: 2nd session,True,True
2018-01-30 17:20:28.917735,/cgi/ssd?id=uc1.32106015456103,37,30 July 1880 – 1 September 1880,7th Parliament: 2nd session,True,True
2018-01-30 17:20:36.404214,/cgi/ssd?id=uc1.32106019787339,38,9 June 1881 – 21 July 1881,7th Parliament: 3rd session,True,True
2018-01-30 17:20:09.732598,/cgi/ssd?id=uc1.32106019787347,39,22 July 1881 – 18 August 1881,7th Parliament: 3rd session,True,True
2018-01-30 17:20:28.858281,/cgi/ssd?id=uc1.32106019787354,40,19 August 1881 – 24 September 1881,7th Parliament: 3rd session,True,True
2018-01-30 17:20:30.890936,/cgi/ssd?id=uc1.32106019787362,41,18 May 1882 – 23 June 1882,8th Parliament: 1st session,True,True
2018-01-30 17:20:30.849346,/cgi/ssd?id=uc1.32106019787370,42,27 June 1882 – 28 July 1882,8th Parliament: 1st session,True,True
2018-01-30 17:20:34.891579,/cgi/ssd?id=uc1.32106019787388,43,31 July 1882 – 15 September 1882,8th Parliament: 1st session,True,True
2018-01-30 17:20:33.313002,/cgi/ssd?id=uc1.32106019787396,44,14 June 1883 – 8 July 1883,8th Parliament: 2nd session,True,True
2018-01-30 17:20:08.462365,/cgi/ssd?id=uc1.32106019787404,45,19 July 1883 – 14 August 1883,8th Parliament: 2nd session,True,True
2018-01-30 17:20:35.596750,/cgi/ssd?id=uc1.32106019787412,46,15 August 1883 – 8 September 1883,8th Parliament: 2nd session,True,True
2018-01-30 17:20:36.473240,/cgi/ssd?id=uc1.32106019787420,47,5 June 1884 – 24 June 1884,8th Parliament: 3rd session,True,True
2018-01-30 17:20:34.840024,/cgi/ssd?id=uc1.32106019787438,48,7 August 1884 – 25 September 1884,9th Parliament: 1st session,True,True
2018-01-30 17:20:30.317139,/cgi/ssd?id=uc1.32106019787446,49,25 September 1884 – 22 October 1884,9th Parliament: 1st session,True,True
2018-01-30 17:20:28.449379,/cgi/ssd?id=uc1.32106019787453,50,23 October 1884 – 10 November 1884,9th Parliament: 1st session,True,True
2018-01-30 17:20:26.151708,/cgi/ssd?id=uc1.32106019787461,51,11 June 1885 – 15 July 1885,9th Parliament: 2nd session,True,True
2018-01-30 17:20:29.325886,/cgi/ssd?id=uc1.32106019787479,52,16 July 1885 – 11 August 1885,9th Parliament: 2nd session,True,True
2018-01-30 17:20:08.884280,/cgi/ssd?id=uc1.32106019787487,53,12 August 1885 – 22 September 1885,9th Parliament: 2nd session,True,True
2018-01-30 17:20:28.791492,/cgi/ssd?id=uc1.32106019787495,54,13 May 1886 – 21 June 1886,9th Parliament: 3rd session,True,True
2018-01-30 17:20:27.773749,/cgi/ssd?id=uc1.32106019787503,55,22 June 1886 – 19 July 1886,9th Parliament: 3rd session,True,True
2018-01-30 17:20:27.129354,/cgi/ssd?id=uc1.32106019787511,56,20 July 1886 – 18 August 1886,9th Parliament: 3rd session,True,True
2018-01-30 17:20:09.400033,/cgi/ssd?id=uc1.32106019787529,57,26 April 1887 – 10 June 1887,9th Parliament: 4th session,True,True
2018-01-30 17:20:36.694329,/cgi/ssd?id=uc1.32106019787537,58,6 October 1887 – 24 November 1887,10th Parliament: 1st session,True,True
2018-01-30 17:20:33.769692,/cgi/ssd?id=uc1.b2889879,59,25 November 1887 – 22 December 1887,10th Parliament: 1st session,True,True
2018-01-30 17:20:32.631254,/cgi/ssd?id=uc1.32106019787545,60,10 May 1888 – 12 June 1888,10th Parliament: 2nd session,True,True
2018-01-30 17:20:32.475532,/cgi/ssd?id=uc1.32106019787552,61,13 June 1888 – 12 July 1888,10th Parliament: 2nd session,True,True
2018-01-30 17:20:31.512978,/cgi/ssd?id=uc1.32106019787560,62,2 July 1888 – 8 August 1888,10th Parliament: 2nd session,True,True
2018-01-30 17:20:33.546491,/cgi/ssd?id=uc1.32106019787578,63,9 August 1888 – 30 August 1888,10th Parliament: 2nd session,True,True
2018-01-30 17:20:08.697506,/cgi/ssd?id=uc1.32106019787586,64,20 June 1889 – 23 July 1889,10th Parliament: 3rd session,True,True
2018-01-30 17:20:32.923205,/cgi/ssd?id=uc1.32106019787594,65,24 July 1889 – 21 August 1889,10th Parliament: 3rd session,True,True
2018-01-30 17:20:08.612233,/cgi/ssd?id=uc1.32106019787602,66,22 August 1889 – 16 September 1889,10th Parliament: 3rd session,True,True
2018-01-30 17:20:09.215244,/cgi/ssd?id=uc1.32106019787610,67,19 June 1890 – 16 July 1890,10th Parliament: 4th session,True,True
2018-01-30 17:20:29.117682,/cgi/ssd?id=uc1.b2889888,68,17 July 1890 – 14 August 1890,10th Parliament: 4th session,True,True
2018-01-30 17:20:32.820734,/cgi/ssd?id=uc1.32106019787636,69,15 August 1890 – 17 September 1890,10th Parliament: 4th session,True,True
2018-01-30 17:20:16.682784,/cgi/ssd?id=uc1.32106019787644,70 – 71,"23 January 1891 – 30 January 1891, 11 June 1891 – 7 July 1891",11th Parliament: 1st & 2nd session,True,True
2018-01-30 17:20:32.383906,/cgi/ssd?id=uc1.32106019787651,72,8 July 1891 – 30 July 1891,11th Parliament: 2nd session,True,True
2018-01-30 17:20:34.225514,/cgi/ssd?id=uc1.32106019787669,73,31 July 1891 – 25 August 1891,11th Parliament: 2nd session,True,True
2018-01-30 17:20:33.212982,/cgi/ssd?id=uc1.32106019787677,74,26 August 1891 – 25 September 1891,11th Parliament: 2nd session,True,True
2018-01-30 17:20:31.370363,/cgi/ssd?id=uc1.32106019787685,75,23 June 1892 – 20 July 1892,11th Parliament: 3rd session,True,True
2018-01-30 17:20:10.837803,/cgi/ssd?id=uc1.32106019787693,76,21 July 1892 – 11 August 1892,11th Parliament: 3rd session,True,True
2018-01-30 17:20:33.565409,/cgi/ssd?id=uc1.32106019787701,77,12 August 1892 – 7 September 1892,11th Parliament: 3rd session,True,True
2018-01-30 17:20:32.068655,/cgi/ssd?id=uc1.32106019787719,78,8 September 1892 – 11 October 1892,11th Parliament: 3rd session,True,True
2018-01-30 17:20:08.771245,/cgi/ssd?id=uc1.32106019787727,79,22 June 1893 – 19 July 1893,11th Parliament: 4th session,True,True
2018-01-30 17:20:30.448596,/cgi/ssd?id=uc1.32106019787735,80,20 July 1893 – 11 August 1893,11th Parliament: 4th session,True,True
2018-01-30 17:20:32.942390,/cgi/ssd?id=uc1.32106019787743,81,15 August 1893 – 5 September 1893,11th Parliament: 4th session,True,True
2018-01-30 17:20:27.833300,/cgi/ssd?id=uc1.32106019787917,82,6 September 1893 – 6 October 1893,11th Parliament: 4th session,True,True
2018-01-30 17:20:29.420739,/cgi/ssd?id=uc1.32106019787925,83,21 June 1894 – 20 July 1894,12th Parliament: 1st session,True,True
2018-01-30 17:20:32.987313,/cgi/ssd?id=uc1.32106019787933,84,24 July 1894 – 15 August 1894,12th Parliament: 1st session,True,True
2018-01-30 17:20:29.293593,/cgi/ssd?id=uc1.32106019787941,85,16 August 1894 – 14 September 1894,12th Parliament: 1st session,True,True
2018-01-30 17:20:36.028942,/cgi/ssd?id=uc1.32106019787958,86,17 September 1894 – 24 October 1894,12th Parliament: 1st session,True,True
2018-01-30 17:20:31.618857,/cgi/ssd?id=uc1.32106019787966,87,20 June 1895 – 17 July 1895,12th Parliament: 2nd session,True,True
2018-01-30 17:20:09.340187,/cgi/ssd?id=uc1.32106019787974,88,18 July 1895 – 9 August 1895,12th Parliament: 2nd session,True,True
2018-01-30 17:20:34.662250,/cgi/ssd?id=uc1.32106019787982,89,13 August 1895 – 3 September 1895,12th Parliament: 2nd session,True,True
2018-01-30 17:20:30.601748,/cgi/ssd?id=uc1.32106019787990,90,3 September 1895 – 1 October 1895,12th Parliament: 2nd session,True,True
2018-01-30 17:20:30.766311,/cgi/ssd?id=uc1.32106019788006,91,2 October 1895 – 1 November 1895,12th Parliament: 2nd session,True,True
2018-01-30 17:20:29.975669,/cgi/ssd?id=uc1.32106019788014,92,11 June 1896 – 7 July 1896,12th Parliament: 3rd session,True,True
2018-01-30 17:20:35.710552,/cgi/ssd?id=uc1.32106019788022,93,3 July 1896 – 31 July 1896,12th Parliament: 3rd session,True,True
2018-01-30 17:20:14.318099,/cgi/ssd?id=uc1.32106019788030,94,4 August 1896 – 21 August 1896,12th Parliament: 3rd session,True,True
2018-01-30 17:20:35.011413,/cgi/ssd?id=uc1.32106019788048,95,25 August 1894 – 15 September 1896,12th Parliament: 3rd session,True,True
2018-01-30 17:20:32.547441,/cgi/ssd?id=uc1.32106019788055,96,16 September 1896 – 17 October 1896,12th Parliament: 3rd session,True,True
2018-01-30 17:20:36.432748,/cgi/ssd?id=uc1.32106019788063,97 – 98,"6 April 1897 – 10 April 1897, 23 September 1897 – 19 October 1897",13th Parliament: 1st & 2nd session,True,True
2018-01-30 17:20:33.318997,/cgi/ssd?id=uc1.32106019788071,99,20 October 1897 – 12 November 1897,13th Parliament: 2nd session,True,True
2018-01-30 17:20:23.987720,/cgi/ssd?id=uc1.32106019788089,100,16 November 1897 – 21 December 1897,13th Parliament: 2nd session,True,True
2018-01-30 17:20:29.597613,/cgi/ssd?id=uc1.32106019788097,101,24 June 1898 – 22 July 1898,13th Parliament: 3rd session,True,True
2018-01-30 17:20:29.218597,/cgi/ssd?id=uc1.32106019788105,102,26 July 1898 – 19 August 1898,13th Parliament: 3rd session,True,True
2018-01-30 17:20:31.584482,/cgi/ssd?id=uc1.32106019788113,103,23 August 1898 – 9 September 1898,13th Parliament: 3rd session,True,True
2018-01-30 17:20:09.364467,/cgi/ssd?id=uc1.32106019788121,104,13 September 1898 – 13 October 1898,13th Parliament: 3rd session,True,True
2018-01-30 17:20:35.191379,/cgi/ssd?id=uc1.32106019788139,105,14 October 1898 – 5 November 1898,13th Parliament: 3rd session,True,True
2018-01-30 17:20:27.634233,/cgi/ssd?id=uc1.32106019929352,106,23 June 1899 – 19 July 1899,13th Parliament: 4th session,True,True
2018-01-30 17:20:35.003858,/cgi/ssd?id=uc1.32106019788147,107,20 July 1899 – 10 August 1899,13th Parliament: 4th session,True,True
2018-01-30 17:20:35.972261,/cgi/ssd?id=uc1.32106019788154,108,11 August 1899 – 5 September 1899,13th Parliament: 4th session,True,True
2018-01-30 17:20:28.357485,/cgi/ssd?id=uc1.32106019788162,109,6 September 1899 – 26 September 1899,13th Parliament: 4th session,True,True
2018-01-30 17:20:30.302312,/cgi/ssd?id=uc1.32106019788170,110,27 September 1899 – 23 October 1899,13th Parliament: 4th session,True,True
2018-01-30 17:20:34.344742,/cgi/ssd?id=uc1.32106019788188,111,21 June 1900 – 19 July 1900,14th Parliament: 1st session,True,True
2018-01-30 17:20:08.494546,/cgi/ssd?id=uc1.32106019788196,112,19 July 1900 – 15 August 1900,14th Parliament: 1st session,True,True
2018-01-30 17:20:27.689770,/cgi/ssd?id=uc1.32106019788204,113,16 August 1900 – 13 September 1900,14th Parliament: 1st session,True,True
2018-01-30 17:20:35.044991,/cgi/ssd?id=uc1.32106019788212,114,14 September 1900 – 9 October 1900,14th Parliament: 1st session,True,True
2018-01-30 17:20:21.046915,/cgi/ssd?id=uc1.32106019788220,115,9 October 1900 – 20 October 1900,14th Parliament: 1st session,True,True
2018-01-30 17:20:31.029276,/cgi/ssd?id=uc1.32106019788238,116,1 July 1901 – 26 July 1901,14th Parliament: 2nd session,True,True
2018-01-30 17:20:34.557106,/cgi/ssd?id=uc1.32106019788246,117,30 July 1901 – 28 August 1901,14th Parliament: 2nd session,True,True
2018-01-30 17:20:32.979350,/cgi/ssd?id=uc1.32106019788253,118,29 August 1901 – 25 September 1901,14th Parliament: 2nd session,True,True
2018-01-30 17:20:31.471052,/cgi/ssd?id=uc1.32106019788261,119,26 September 1901 – 7 November 1901,14th Parliament: 2nd session,True,True
2018-01-30 17:20:27.783742,/cgi/ssd?id=uc1.32106019788279,120,1 July 1902 – 29 July 1902,14th Parliament: 3rd session,True,True
2018-01-30 17:20:34.339288,/cgi/ssd?id=uc1.32106019788287,121,30 July 1902 – 29 August 1902,14th Parliament: 3rd session,True,True
2018-01-30 17:20:30.014159,/cgi/ssd?id=uc1.32106019788295,122,2 September 1902 – 3 October 1902,14th Parliament: 3rd session,True,True
2018-01-30 17:20:29.966698,/cgi/ssd?id=uc1.32106019788303,123,29 June 1903 – 24 July 1903,15th Parliament: 1st session,True,True
2018-01-30 17:20:11.055686,/cgi/ssd?id=uc1.32106019788311,124,28 July 1903 – 21 August 1903,15th Parliament: 1st session,True,True
2018-01-30 17:20:08.670976,/cgi/ssd?id=uc1.32106019788329,125,25 August 1903 – 26 September 1903,15th Parliament: 1st session,True,True
2018-01-30 17:20:09.272082,/cgi/ssd?id=uc1.32106019788337,126,28 September 1903 – 23 October 1903,15th Parliament: 1st session,True,True
2018-01-30 17:20:32.617846,/cgi/ssd?id=uc1.32106019788345,127,26 October 1903 – 24 November 1903,15th Parliament: 1st session,True,True
2018-01-30 17:20:30.456174,/cgi/ssd?id=uc1.32106019788352,128,28 June 1904 – 28 July 1904,15th Parliament: 2nd session,True,True
2018-01-30 17:20:27.532096,/cgi/ssd?id=uc1.32106019788360,129,29 July 1904 – 31 August 1904,15th Parliament: 2nd session,True,True
2018-01-30 17:20:33.414912,/cgi/ssd?id=uc1.32106019788378,130,1 September 1904 – 7 October 1904,15th Parliament: 2nd session,True,True
2018-01-30 17:20:30.651685,/cgi/ssd?id=uc1.32106019788386,131,10 October 1904 – 8 November 1904,15th Parliament: 2nd session,True,True
2018-01-30 17:20:17.348546,/cgi/ssd?id=uc1.32106019788394,132,27 June 1905 – 21 July 1905,15th Parliament: 3rd session,True,True
2018-01-30 17:20:28.785428,/cgi/ssd?id=uc1.b2889951,133,25 July 1905 – 18 August 1905,15th Parliament: 3rd session,True,True
2018-01-30 17:20:34.098933,/cgi/ssd?id=uc1.32106019788410,134,22 August 1905 – 15 September 1905,15th Parliament: 3rd session,True,True
2018-01-30 17:20:32.702822,/cgi/ssd?id=uc1.b2889953,135,19 September 1905 – 30 October 1905,15th Parliament: 3rd session,True,True
2018-01-30 17:20:31.393527,/cgi/ssd?id=uc1.32106019788436,136 – 137,"27 June 1906 – 29 June 1906, 21 August 1906 – 27 September 1906",16th Parliament: 1st & 2nd session,True,True
2018-01-30 17:20:32.382488,/cgi/ssd?id=uc1.32106019788444,138,28 September 1906 – 29 October 1906,16th Parliament: 2nd session,True,True
2018-01-30 17:20:36.079562,/cgi/ssd?id=uc1.32106019788451,139,27 June 1907 – 1 August 1907,16th Parliament: 3rd session,True,True
2018-01-30 17:20:22.003825,/cgi/ssd?id=uc1.32106019788469,140,2 August 1907 – 17 September 1907,16th Parliament: 3rd session,True,True
2018-01-30 17:20:09.223335,/cgi/ssd?id=uc1.32106019788477,141,18 September 1907 – 21 October 1907,16th Parliament: 3rd session,True,True
2018-01-30 17:20:35.738571,/cgi/ssd?id=uc1.32106011377394,142,21 October 1907 – 25 November 1907,16th Parliament: 3rd session,True,True
2018-01-30 17:20:35.379695,/cgi/ssd?id=uc1.32106019788485,143,29 June 1908 – 29 July 1908,16th Parliament: 4th session,True,True
2018-01-30 17:20:30.862985,/cgi/ssd?id=uc1.32106019788493,144,30 July 1908 – 9 September 1908,16th Parliament: 4th session,True,True
2018-01-30 17:20:29.410776,/cgi/ssd?id=uc1.b2889962,145,10 September 1908 – 10 October 1908,16th Parliament: 4th session,True,True
2018-01-30 17:20:25.311300,/cgi/ssd?id=uc1.32106019788501,146 – 147,"10 June 1909 – 16 June 1909, 7 October 1909 – 5 November 1909",17th Parliament: 1st & 2nd session,True,True
2018-01-30 17:20:23.053683,/cgi/ssd?id=uc1.a0001646314,148,10 November 1909 - 29 December 1909,17th Parliament: 2nd session,True,True
2018-01-30 17:20:18.407900,/cgi/ssd?id=uc1.32106019788519,149,28 June 1910 – 22 July 1910,17th Parliament: 3rd session,True,True
2018-01-30 17:20:19.227591,/cgi/ssd?id=uc1.32106019788527,150,26 July 1910 – 24 August 1910,17th Parliament: 3rd session,True,True
2018-01-30 17:20:30.624010,/cgi/ssd?id=uc1.32106019788535,151,25 August 1910 – 23 September 1910,17th Parliament: 3rd session,True,True
2018-01-30 17:20:31.899954,/cgi/ssd?id=uc1.32106019788543,152,27 September 1910 – 21 October 1910,17th Parliament: 3rd session,True,True
2018-01-30 17:20:20.087422,/cgi/ssd?id=uc1.b2889969,153,25 October 1910 – 3 December 1910,17th Parliament: 3rd session,True,True
2018-01-30 17:20:29.567074,/cgi/ssd?id=uc1.32106019788568,154,22 July 1911 – 25 August 1911,17th Parliament: 4th session,True,True
2018-01-30 17:20:30.394225,/cgi/ssd?id=uc1.b2889971,155,29 August 1911 – 20 September 1911,17th Parliament: 4th session,True,True
2018-01-30 17:20:29.025689,/cgi/ssd?id=uc1.32106019788576,156,21 September 1911 – 28 October 1911,17th Parliament: 4th session,True,True
2018-01-30 17:20:31.627834,/cgi/ssd?id=uc1.32106019788584,157,15 February 1912 – 29 February 1912,18th Parliament: 1st session,True,True
2018-01-30 17:20:29.827350,/cgi/ssd?id=uc1.a0001646413,158,27 June 1912 – 14 August 1912,18th Parliament: 2nd session,True,True
2018-01-30 17:20:28.934136,/cgi/ssd?id=uc1.32106019788592,159,15 August 1912 – 5 September 1912,18th Parliament: 2nd session,True,True
2018-01-30 17:20:36.210697,/cgi/ssd?id=uc1.32106019788600,160,6 September 1912 – 8 October 1912,18th Parliament: 2nd session,True,True
2018-01-30 17:20:31.601290,/cgi/ssd?id=uc1.b2889978,161,9 October 1912 – 7 November 1912,18th Parliament: 2nd session,True,True
2018-01-30 17:20:31.926110,/cgi/ssd?id=uc1.32106019788626,162,26 June 1913 – 23 July 1913,18th Parliament: 3rd session,True,True
2018-01-30 17:20:29.441243,/cgi/ssd?id=uc1.32106019788634,163,24 July 1913 – 20 August 1913,18th Parliament: 3rd session,True,True
2018-01-30 17:20:29.303244,/cgi/ssd?id=uc1.32106019788642,164,21 August 1913 – 18 September 1913,18th Parliament: 3rd session,True,True
2018-01-30 17:20:35.950602,/cgi/ssd?id=uc1.32106019788659,165,19 September 1913 – 17 October 1913,18th Parliament: 3rd session,True,True
2018-01-30 17:20:32.556984,/cgi/ssd?id=uc1.32106019788667,166,20 October 1913 – 14 November 1913,18th Parliament: 3rd session,True,True
2018-01-30 17:20:35.203746,/cgi/ssd?id=uc1.b2889983,167,17 November 1913 – 15 December 1913,18th Parliament: 3rd session,True,True
2018-01-30 17:20:35.489164,/cgi/ssd?id=uc1.32106019788683,168,25 June 1914 – 21 July 1914,18th Parliament: 4th session,True,True
2018-01-30 17:20:33.550592,/cgi/ssd?id=uc1.32106019788691,169,22 July 1914 – 15 September 1914,18th Parliament: 4th session,True,True
2018-01-30 17:20:30.159718,/cgi/ssd?id=uc1.32106019788709,170,16 September 1914 – 13 October 1914,18th Parliament: 4th session,True,True
2018-01-30 17:20:35.033565,/cgi/ssd?id=uc1.32106015180141,171,14 October 1914 – 5 November 1914,18th Parliament: 4th session,True,True
2018-01-30 17:20:32.068128,/cgi/ssd?id=uc1.32106019788717,172,24 June 1915 – 4 August 1915,19th Parliament: 1st session,True,True
2018-01-30 17:20:33.524125,/cgi/ssd?id=uc1.b2889989,173,19 August 1915 – 17 September 1915,19th Parliament: 1st session,True,True
2018-01-30 17:20:35.191119,/cgi/ssd?id=uc1.32106019788733,174,20 September 1915 – 12 October 1915,19th Parliament: 1st session,True,True
2018-01-30 17:20:28.988351,/cgi/ssd?id=uc1.32106019788741,175,9 May 1916 – 15 June 1916,19th Parliament: 2nd session,True,True
2018-01-30 17:20:30.984781,/cgi/ssd?id=uc1.32106019788758,176,16 June 1916 – 11 July 1916,19th Parliament: 2nd session,True,True
2018-01-30 17:20:35.331202,/cgi/ssd?id=uc1.32106019788766,177,12 July 1916 – 8 August 1916,19th Parliament: 2nd session,True,True
2018-01-30 17:20:19.702998,/cgi/ssd?id=uc1.32106019788774,178,28 June 1917 – 3 August 1917,19th Parliament: 3rd session,True,True
2018-01-30 17:20:20.246359,/cgi/ssd?id=uc1.32106019788782,179,7 August 1917 – 7 September 1917,19th Parliament: 3rd session,True,True
2018-01-30 17:20:21.564058,/cgi/ssd?id=uc1.32106019788790,180,11 September 1917 – 10 October 1917,19th Parliament: 3rd session,True,True
2018-01-30 17:20:22.241812,/cgi/ssd?id=uc1.32106019788808,181,11 October 1917 – 1 November 1917,19th Parliament: 3rd session,True,True
2018-01-30 17:20:22.350586,/cgi/ssd?id=uc1.32106019788816,182,9 April 1918 – 15 April 1918,19th Parliament: 4th session,True,True
2018-01-30 17:20:23.292375,/cgi/ssd?id=uc1.32106019788824,183,24 October 1918 – 10 December 1918,19th Parliament: 5th session,True,True
2018-01-30 17:20:23.399988,/cgi/ssd?id=uc1.32106019788832,184,28 August 1919 – 2 October 1919,19th Parliament: 6th session,True,True
2018-01-30 17:20:24.483368,/cgi/ssd?id=uc1.a0001800556,185,3 October 1919 - 5 November 1919,19th Parliament: 6th session,True,True
2018-01-30 17:20:31.166100,/cgi/ssd?id=uc1.32106019788857,186,24 June 1920 – 5 August 1920,20th Parliament: 1st session,True,True
2018-01-30 17:20:32.098813,/cgi/ssd?id=uc1.b2890198,187,6 August 1920 – 24 September 1920,20th Parliament: 1st session,True,True
2018-01-30 17:20:33.078266,/cgi/ssd?id=uc1.32106019788873,188,27 September 1920 – 22 October 1920,20th Parliament: 1st session,True,True
2018-01-30 17:20:33.899447,/cgi/ssd?id=uc1.32106019929089,189,25 October 1920 – 11 November 1920,20th Parliament: 1st session,True,True
2018-01-30 17:20:33.559031,/cgi/ssd?id=uc1.32106019929097,190,10 March 1921 – 22 March 1921,20th Parliament: 2nd session,True,True
2018-01-30 17:20:30.875686,/cgi/ssd?id=uc1.32106019929105,191,22 September 1921 – 2 November 1921,20th Parliament: 3rd session,True,True
2018-01-30 17:20:34.338352,/cgi/ssd?id=uc1.32106019929113,192,3 November 1921 – 14 December 1921,20th Parliament: 3rd session,True,True
2018-01-30 17:20:30.669969,/cgi/ssd?id=uc1.32106019929121,193,15 December 1921 – 31 January 1922,20th Parliament: 3rd session,True,True
2018-01-30 17:20:30.083305,/cgi/ssd?id=uc1.32106019929139,194,1 February 1922 – 11 February 1922,20th Parliament: 3rd session,True,True
2018-01-30 17:20:31.886314,/cgi/ssd?id=uc1.32106019929147,195,30 June 1922 – 2 August 1922,20th Parliament: 4th session,True,True
2018-01-30 17:20:29.461273,/cgi/ssd?id=uc1.32106019929154,196,3 August 1922 – 13 September 1922,20th Parliament: 4th session,True,True
2018-01-30 17:20:30.780948,/cgi/ssd?id=uc1.32106019929162,197,14 September 1922 – 9 October 1922,20th Parliament: 4th session,True,True
2018-01-30 17:20:30.973968,/cgi/ssd?id=uc1.32106019929170,198,10 October 1922 – 31 October 1922,20th Parliament: 4th session,True,True
2018-01-30 17:20:30.452518,/cgi/ssd?id=uc1.32106019929188,199,7 February 1923 – 17 February 1923,21st Parliament: 1st session,True,True
2018-01-30 17:20:31.688447,/cgi/ssd?id=uc1.32106019929196,200,14 June 1923 – 18 July 1923,21st Parliament: 2nd session,True,True
2018-01-30 17:20:30.997512,/cgi/ssd?id=uc1.32106019929204,201,19 July 1923 – 13 August 1923,21st Parliament: 2nd session,True,True
2018-01-30 17:20:31.319579,/cgi/ssd?id=uc1.32106019929212,202,14 August 1923 – 29 August 1923,21st Parliament: 2nd session,True,True
2018-01-30 17:20:31.407434,/cgi/ssd?id=uc1.32106019929220,203,26 June 1924 – 12 August 1924,21st Parliament: 3rd session,True,True
2018-01-30 17:20:32.143945,/cgi/ssd?id=uc1.32106019929410,204,13 August 1924 – 29 September 1924,21st Parliament: 3rd session,True,True
2018-01-30 17:20:32.762212,/cgi/ssd?id=uc1.32106019929238,205,30 September 1924 – 6 November 1924,21st Parliament: 3rd session,True,True
2018-01-30 17:20:32.152699,/cgi/ssd?id=uc1.32106019929246,206,25 June 1925 – 29 July 1925,21st Parliament: 4th session,True,True
2018-01-30 17:20:34.657837,/cgi/ssd?id=uc1.32106019929253,207,30 July 1925 – 2 September 1925,21st Parliament: 4th session,True,True
2018-01-30 17:20:32.565334,/cgi/ssd?id=uc1.32106019929261,208,3 September 1925 – 1 October 1925,21st Parliament: 4th session,True,True
2018-01-30 17:20:34.238926,/cgi/ssd?id=uc1.32106019929279,209,16 June 1926 – 30 July 1926,22nd Parliament: 1st session,True,True
2018-01-30 17:20:33.478565,/cgi/ssd?id=uc1.32106019929287,210,3 August 1926 – 28 August 1926,22nd Parliament: 1st session,True,True
2018-01-30 17:20:32.752535,/cgi/ssd?id=uc1.32106019929295,211,30 August 1926 – 11 September 1926,22nd Parliament: 1st session,True,True
2018-01-30 17:20:34.140016,/cgi/ssd?id=uc1.32106019929303,212,23 June 1927 – 27 July 1927,22nd Parliament: 2nd session,True,True
2018-01-30 17:20:33.991003,/cgi/ssd?id=uc1.32106019929311,213,28 July 1927 – 9 September 1927,22nd Parliament: 2nd session,True,True
2018-01-30 17:20:33.735494,/cgi/ssd?id=uc1.32106019929329,214,13 September 1927 – 14 October 1927,22nd Parliament: 2nd session,True,True
2018-01-30 17:20:33.122212,/cgi/ssd?id=uc1.32106019929337,215,17 October 1927 – 9 November 1927,22nd Parliament: 2nd session,True,True
2018-01-30 17:20:33.704980,/cgi/ssd?id=uc1.32106019929345,216,10 November 1927 – 5 December 1927,22nd Parliament: 2nd session,True,True
2018-01-30 17:20:33.810081,/cgi/ssd?id=uc1.a0001800861,217,28 June 1928 - 3 August 1928,22nd Parliament: 3rd session,True,True
2018-01-30 17:20:36.048351,/cgi/ssd?id=uc1.32106019929360,218,7 August 1928 – 4 September 1928,22nd Parliament: 3rd session,True,True
2018-01-30 17:20:35.584322,/cgi/ssd?id=uc1.32106019929378,219,5 September 1928 – 9 October 1928,22nd Parliament: 3rd session,True,True
2018-01-30 17:20:34.958359,/cgi/ssd?id=uc1.32106019929386,220,4 December 1928 – 14 December 1928,23rd Parliament: 1st session,True,True
2018-01-30 17:20:34.022625,/cgi/ssd?id=uc1.32106019929394,221,27 June 1929 – 6 August 1929,23rd Parliament: 2nd session,True,True
2018-01-30 17:20:34.950428,/cgi/ssd?id=uc1.32106019929402,222,7 August 1929 – 20 September 1929,23rd Parliament: 2nd session,True,True
2018-01-30 17:20:36.544264,/cgi/ssd?id=uc1.b2890228,223,24 September 1929 – 9 November 1929,23rd Parliament: 2nd session,True,True
2018-01-30 17:20:36.224658,/cgi/ssd?id=uc1.32106019929436,224,26 June 1930 – 6 August 1930,23rd Parliament: 3rd session,True,True
2018-01-30 17:20:34.637220,/cgi/ssd?id=uc1.32106019929444,225,7 August 1930 – 18 September 1930,23rd Parliament: 3rd session,True,True
2018-01-30 17:20:36.565308,/cgi/ssd?id=uc1.32106019929451,226,19 September 1930 – 25 October 1930,23rd Parliament: 3rd session,True,True
2018-01-30 17:20:34.571415,/cgi/ssd?id=uc1.32106019929469,227,11 March 1931 – 28 April 1931,23rd Parliament: 4th session,True,True
2018-01-30 17:20:34.785071,/cgi/ssd?id=uc1.32106019929477,228,25 June 1931 – 31 July 1931,23rd Parliament: 5th session,True,True
2018-01-30 17:20:36.354302,/cgi/ssd?id=uc1.32106019929485,229,4 August 1931 – 22 September 1931,23rd Parliament: 5th session,True,True
2018-01-30 17:20:37.682663,/cgi/ssd?id=uc1.32106019929493,230,2 October 1931 – 11 November 1931,23rd Parliament: 5th session,True,True
2018-01-30 17:20:34.441544,/cgi/ssd?id=uc1.32106019929501,231,23 February 1932 – 12 April 1932,24th Parliament: 1st session,True,True
2018-01-30 17:20:36.465042,/cgi/ssd?id=uc1.32106019929519,232,13 April 1932 – 10 May 1932,24th Parliament: 1st session,True,True
2018-01-30 17:20:36.433586,/cgi/ssd?id=uc1.32106019929527,233,22 September 1932 – 28 October 1932,24th Parliament: 1st session,True,True
2018-01-30 17:20:35.089331,/cgi/ssd?id=uc1.32106019929535,234,1 November 1932 – 9 December 1932,24th Parliament: 2nd session,True,True
2018-01-30 17:20:35.461692,/cgi/ssd?id=uc1.b2890240,235,26 January 1933 – 10 March 1933,24th Parliament: 2nd session,True,True
2018-01-30 17:20:36.265135,/cgi/ssd?id=uc1.32106019929550,236,21 September 1933 – 31 October 1933,24th Parliament: 3rd session,True,True
2018-01-30 17:20:36.672478,/cgi/ssd?id=uc1.32106019929568,237,1 November 1933 – 22 December 1933,24th Parliament: 3rd session,True,True
2018-01-30 17:20:35.730000,/cgi/ssd?id=uc1.32106019929576,238,28 June 1934 – 3 August 1934,24th Parliament: 4th session,True,True
2018-01-30 17:20:37.716925,/cgi/ssd?id=uc1.32106019929584,239,7 August 1934 – 14 September 1934,24th Parliament: 4th session,True,True
2018-01-30 17:20:35.513401,/cgi/ssd?id=uc1.b2890245,240,18 September 1934 – 10 November 1934,24th Parliament: 4th session,True,True
2018-01-30 17:20:35.161896,/cgi/ssd?id=uc1.32106019929600,241,13 February 1935 – 5 April 1935,24th Parliament: 4th session,True,True
2018-01-30 17:20:36.182343,/cgi/ssd?id=uc1.32106019929618,242,29 August 1935 – 26 September 1935,24th Parliament: 5th session,True,True
2018-01-30 17:20:35.537236,/cgi/ssd?id=uc1.32106019929626,243,27 September 1935 – 26 October 1935,24th Parliament: 5th session,True,True
2018-01-30 17:20:37.051315,/cgi/ssd?id=uc1.32106019929634,244,25 March 1936 – 6 May 1936,25th Parliament: 1st session,True,True
2018-01-30 17:20:36.775774,/cgi/ssd?id=uc1.32106019929642,245,7 May 1936 – 11 June 1936,25th Parliament: 1st session,True,True
2018-01-30 17:20:36.377713,/cgi/ssd?id=uc1.32106019929659,246,21 July 1936 – 3 September 1936,25th Parliament: 1st session,True,True
2018-01-30 17:20:37.410452,/cgi/ssd?id=uc1.32106019929667,247,25 March 1936 – 31 October 1936,25th Parliament: 1st session,True,True
2018-01-30 17:20:35.859719,/cgi/ssd?id=uc1.32106019929675,248,9 September 1937 – 29 October 1937,25th Parliament: 2nd session,True,True
2018-01-30 17:20:37.648164,/cgi/ssd?id=uc1.32106019929683,249,2 November 1937 – 10 December 1937,25th Parliament: 2nd session,True,True
2018-01-30 17:20:36.729437,/cgi/ssd?id=uc1.32106019929691,250,1 March 1938 – 15 March 1938,25th Parliament: 2nd session,True,True
2018-01-30 17:20:36.270517,/cgi/ssd?id=uc1.32106019929709,251,28 June 1938 – 3 August 1938,25th Parliament: 3rd session,True,True
2018-01-30 17:20:36.989489,/cgi/ssd?id=uc1.32106019929717,252,4 August 1938 – 26 August 1938,25th Parliament: 3rd session,True,True
2018-01-30 17:20:37.014528,/cgi/ssd?id=uc1.32106019929725,253,30 August 1938 – 16 September 1938,25th Parliament: 3rd session,True,True
2018-01-30 17:20:36.094307,/cgi/ssd?id=uc1.32106019929733,254,27 June 1939 – 3 August 1939,26th Parliament: 1st session,True,True
2018-01-30 17:20:37.021802,/cgi/ssd?id=uc1.32106019929741,255,4 August 1939 – 31 August 1939,26th Parliament: 1st session,True,True
2018-01-30 17:20:35.953797,/cgi/ssd?id=uc1.32106019929758,256,1 September 1939 – 7 October 1939,26th Parliament: 1st session,True,True
2018-01-30 17:21:53.644842,/cgi/ssd?id=uc1.32106019929766,257,30 May 1940 – 30 August 1940,26th Parliament: 2nd session,True,True
2018-01-30 17:22:05.487166,/cgi/ssd?id=uc1.32106019929774,258,1 October 1940 – 6 December 1940,26th Parliament: 2nd session,True,True
2018-01-30 17:21:59.857848,/cgi/ssd?id=uc1.32106019929782,259,12 March 1941 – 6 August 1941,26th Parliament: 3rd session,True,True
2018-01-30 17:21:55.676916,/cgi/ssd?id=uc1.b2890264,260,7 August 1941 – 17 October 1941,26th Parliament: 3rd session,True,True
2018-01-30 17:21:55.604977,/cgi/ssd?id=uc1.b2890262,261,11 December 1941 – 4 December 1942,26th Parliament: 4th session,True,True
2018-01-30 17:21:54.536894,/cgi/ssd?id=uc1.32106019929808,262,24 February 1943 – 24 June 1943,26th Parliament: 5th session,True,True
2018-01-30 17:21:54.986442,/cgi/ssd?id=uc1.a0001757616,263,25 June 1943 – 26 August 1943,26th Parliament: 5th session,True,True
2018-01-30 17:21:47.316450,/cgi/ssd?id=uc1.32106019929824,264,22 February 1944 – 4 April 1944,27th Parliament: 1st session,True,True
2018-01-30 17:21:53.510452,/cgi/ssd?id=uc1.32106019929832,265,26 July 1944 – 31 August 1944,27th Parliament: 1st session,True,True
2018-01-30 17:21:58.906042,/cgi/ssd?id=uc1.32106019929840,266,1 September 1944 – 11 October 1944,27th Parliament: 1st session,True,True
2018-01-30 17:22:05.459098,/cgi/ssd?id=uc1.32106019929857,267,12 October 1944 – 15 December 1944,27th Parliament: 1st session,True,True
2018-01-30 17:21:56.348326,/cgi/ssd?id=uc1.32106019929865,268,27 June 1945 – 3 August 1945,27th Parliament: 2nd session,True,True
2018-01-30 17:20:37.091277,/cgi/ssd?id=uc1.32106019929873,269,17 October 1947 – 27 November 1947,28th Parliament: 1st session,True,True
2018-01-30 17:21:41.184338,/cgi/ssd?id=uc1.32106019929881,270,19 September 1945 – 26 October 1945,27th Parliament: 2nd session,True,True
2018-01-30 17:21:52.842789,/cgi/ssd?id=uc1.32106019929899,271,31 October 1945 – 21 November 1945,27th Parliament: 2nd session,True,True
2018-01-30 17:20:37.692831,/cgi/ssd?id=uc1.32106019929907,272,22 November 1945 – 7 December 1945,27th Parliament: 2nd session,True,True
2018-01-30 17:20:38.312325,/cgi/ssd?id=uc1.32106019929915,273,26 June 1946 – 31 July 1946,27th Parliament: 3rd session,True,True
2018-01-30 17:20:38.630887,/cgi/ssd?id=uc1.32106019929923,274,1 August 1946 – 13 September 1946,27th Parliament: 3rd session,True,True
2018-01-30 17:20:42.917582,/cgi/ssd?id=uc1.32106019929931,275,17 September 1946 – 12 October 1946,27th Parliament: 3rd session,True,True
2018-01-30 17:20:40.628565,/cgi/ssd?id=uc1.32106019929949,276,24 June 1947 – 29 July 1947,28th Parliament: 1st session,True,True
2018-01-30 17:20:41.137797,/cgi/ssd?id=uc1.32106019929956,277,30 July 1947 – 2 September 1947,28th Parliament: 1st session,True,True
2018-01-30 17:20:40.283293,/cgi/ssd?id=uc1.32106019929964,278,3 September 1947 – 16 October 1947,28th Parliament: 1st session,True,True
2018-01-30 17:20:43.214047,/cgi/ssd?id=uc1.a0001757772,279,17 October 1947 – 27 November 1947,28th Parliament: 1st session,True,True
2018-01-30 17:20:42.147318,/cgi/ssd?id=uc1.32106019841334,280,22 June 1948 – 20 July 1948,28th Parliament: 2nd session,True,True
2018-01-30 17:20:44.540012,/cgi/ssd?id=uc1.32106019841342,281,21 July 1948 – 18 August 1948,28th Parliament: 2nd session,True,True
2018-01-30 17:20:45.775076,/cgi/ssd?id=uc1.32106019841359,282,19 August 1948 – 21 September 1948,28th Parliament: 2nd session,True,True
2018-01-30 17:20:42.501975,/cgi/ssd?id=uc1.32106019841367,283,22 September 1948 – 29 October 1948,28th Parliament: 2nd session,True,True
2018-01-30 17:20:43.930018,/cgi/ssd?id=uc1.32106019841375,284,2 November 1948 – 3 December 1948,28th Parliament: 2nd session,True,True
2018-01-30 17:20:43.297762,/cgi/ssd?id=uc1.32106019841383,285,28 June 1949 – 27 July 1949,28th Parliament: 3rd session,True,True
2018-01-30 17:20:42.156581,/cgi/ssd?id=uc1.32106019841391,286,28 July 1949 – 25 August 1949,28th Parliament: 3rd session,True,True
2018-01-30 17:20:42.972642,/cgi/ssd?id=uc1.32106019841409,287,26 August 1949 – 29 September 1949,28th Parliament: 3rd session,True,True
2018-01-30 17:20:42.581782,/cgi/ssd?id=uc1.32106019841417,288,30 September 1949 – 21 October 1949,28th Parliament: 3rd session,True,True
2018-01-30 17:20:44.308021,/cgi/ssd?id=uc1.32106019841425,289,27 June 1950 – 2 August 1950,29th Parliament: 1st session,True,True
2018-01-30 17:20:43.089308,/cgi/ssd?id=uc1.32106019841433,290,3 August 1950 – 31 August 1950,29th Parliament: 1st session,True,True
2018-01-30 17:20:44.521593,/cgi/ssd?id=uc1.32106019841441,291,1 September 1950 – 4 October 1950,29th Parliament: 1st session,True,True
2018-01-30 17:20:54.268991,/cgi/ssd?id=uc1.32106019841490,292,5 October 1950 – 2 November 1950,29th Parliament: 1st session,True,True
2018-01-30 17:20:44.880914,/cgi/ssd?id=uc1.32106019841508,293,3 November 1950 – 1 December 1950,29th Parliament: 1st session,True,True
2018-01-30 17:20:42.907971,/cgi/ssd?id=uc1.32106019841516,294,26 June 1951 – 13 July 1951,29th Parliament: 2nd session,True,True
2018-01-30 17:20:44.799183,/cgi/ssd?id=uc1.32106019841532,295,25 September 1951 – 14 November 1951,30th Parliament: 1st session,True,True
2018-01-30 17:20:43.344400,/cgi/ssd?id=uc1.32106019841540,296,15 November 1951 – 6 December 1951,30th Parliament: 1st session,True,True
2018-01-30 17:20:42.647159,/cgi/ssd?id=uc1.32106019841557,297,25 June 1952 – 15 August 1952,30th Parliament: 2nd session,True,True
2018-01-30 17:20:47.082291,/cgi/ssd?id=uc1.32106019841565,298,19 August 1952 – 24 October 1952,30th Parliament: 2nd session,True,True
2018-01-30 17:20:43.404465,/cgi/ssd?id=uc1.32106019841573,299,8 April 1953 – 9 September 1953,30th Parliament: 3rd session,True,True
2018-01-30 17:20:53.102220,/cgi/ssd?id=uc1.32106019841581,300,10 September 1953 – 27 October 1953,30th Parliament: 3rd session,True,True
2018-01-30 17:20:55.593132,/cgi/ssd?id=uc1.32106019841599,301,28 October 1953 – 27 November 1953,30th Parliament: 3rd session,True,True
2018-01-30 17:20:42.489996,/cgi/ssd?id=uc1.32106019841607,302,12 January 1954 – 13 January 1954,30th Parliament: 4th session,True,True
2018-01-30 17:20:45.764535,/cgi/ssd?id=uc1.32106019841615,303,22 June 1954 – 5 August 1954,30th Parliament: 5th session,True,True
2018-01-30 17:20:44.883682,/cgi/ssd?id=uc1.32106019841623,304,6 August 1954 – 1 October 1954,30th Parliament: 5th session,True,True
2018-01-30 17:20:43.963993,/cgi/ssd?id=uc1.32106019841631,305,22 March 1955 – 6 May 1955,31st Parliament: 1st session,True,True
2018-01-30 17:20:57.014234,/cgi/ssd?id=uc1.32106019841649,306,19 July 1955 – 19 August 1955,31st Parliament: 1st session,True,True
2018-01-30 17:21:27.904319,/cgi/ssd?id=uc1.b2940051,307,23 August 1955 – 28 October 1955,31st Parliament: 1st session,True,True
2018-01-30 17:21:55.805208,/cgi/ssd?id=uc1.32106019841664,308,4 April 1956 – 10 May 1956,31st Parliament: 2nd session,True,True
2018-01-30 17:20:57.875045,/cgi/ssd?id=uc1.32106019841672,309,7 August 1956 – 12 September 1956,31st Parliament: 2nd session,True,True
2018-01-30 17:20:56.897069,/cgi/ssd?id=uc1.a0001758010,310,13 September 1956 – 26 October 1956,31st Parliament: 2nd session,True,True
2018-01-30 17:20:46.146272,/cgi/ssd?id=uc1.32106019841680,311,11 June 1957 – 11 July 1957,31st Parliament: 3rd session,True,True
2018-01-30 17:20:44.492475,/cgi/ssd?id=uc1.32106019841698,312,12 July 1957 – 9 August 1957,31st Parliament: 3rd session,True,True
2018-01-30 17:20:44.430001,/cgi/ssd?id=uc1.32106019841706,313,13 August 1957 – 18 September 1957,31st Parliament: 3rd session,True,True
2018-01-30 17:20:48.352921,/cgi/ssd?id=uc1.32106019841714,314,19 September 1957 – 25 October 1957,31st Parliament: 3rd session,True,True
2018-01-30 17:20:48.987576,/cgi/ssd?id=uc1.32106019841722,315,21 January 1958 – 31 January 1958,32nd Parliament: 1st session,True,True
2018-01-30 17:20:57.175002,/cgi/ssd?id=uc1.32106019841730,316,10 June 1958 – 23 July 1958,32nd Parliament: 2nd session,True,True
2018-01-30 17:20:55.760179,/cgi/ssd?id=uc1.32106019841748,317,24 July 1958 – 22 August 1958,32nd Parliament: 2nd session,True,True
2018-01-30 17:20:56.262403,/cgi/ssd?id=uc1.32106019841755,318,26 August 1958 – 3 October 1958,32nd Parliament: 2nd session,True,True
2018-01-30 17:20:45.244079,/cgi/ssd?id=uc1.32106019841763,319,24 June 1959 – 29 July 1959,32nd Parliament: 3rd session,True,True
2018-01-30 17:20:57.049021,/cgi/ssd?id=uc1.32106019841771,320,30 July 1959 – 9 September 1959,32nd Parliament: 3rd session,True,True
2018-01-30 17:20:53.455548,/cgi/ssd?id=uc1.32106019841789,321,10 September 1959 – 23 October 1959,32nd Parliament: 3rd session,True,True
2018-01-30 17:21:53.673557,/cgi/ssd?id=uc1.32106019841797,322,22 June 1960 – 26 July 1960,32nd Parliament: 4th session,True,True
2018-01-30 17:20:57.611622,/cgi/ssd?id=uc1.32106019841805,323,27 July 1960 – 26 August 1960,32nd Parliament: 4th session,True,True
2018-01-30 17:20:56.049647,/cgi/ssd?id=uc1.32106019841813,324,30 August 1960 – 7 October 1960,32nd Parliament: 4th session,True,True
2018-01-30 17:21:45.998337,/cgi/ssd?id=uc1.32106019841821,325,11 October 1960 – 28 October 1960,32nd Parliament: 4th session,True,True
2018-01-30 17:20:55.431606,/cgi/ssd?id=uc1.32106019969218,326,29 June 1961 – 1 August 1961,33rd Parliament: 1st session,True,True
2018-01-30 17:20:56.478524,/cgi/ssd?id=uc1.32106019841839,327,2 August 1961 – 5 September 1961,33rd Parliament: 1st session,True,True
2018-01-30 17:20:44.680815,/cgi/ssd?id=uc1.32106019841847,328,6 September 1961 – 12 October 1961,33rd Parliament: 1st session,True,True
2018-01-30 17:20:56.251576,/cgi/ssd?id=uc1.32106019841854,329,13 October 1961 – 1 December 1961,33rd Parliament: 1st session,True,True
2018-01-30 17:21:44.750213,/cgi/ssd?id=uc1.32106019841862,330,7 June 1962 – 25 July 1962,33rd Parliament: 2nd session,True,True
2018-01-30 17:20:57.627679,/cgi/ssd?id=uc1.32106019841870,331,26 July 1962 – 7 September 1962,33rd Parliament: 2nd session,True,True
2018-01-30 17:21:36.937482,/cgi/ssd?id=uc1.32106019841888,332,9 October 1962 – 21 November 1962,33rd Parliament: 2nd session,True,True
2018-01-30 17:20:50.469922,/cgi/ssd?id=uc1.32106019841896,333,22 November 1962 – 14 December 1962,33rd Parliament: 2nd session,True,True
2018-01-30 17:21:25.891920,/cgi/ssd?id=uc1.32106019841904,334,12 February 1963,33rd Parliament: 3rd session,True,True
2018-01-30 17:21:27.841368,/cgi/ssd?id=uc1.32106019841912,335,20 June 1963 – 2 August 1963,33rd Parliament: 4th session,True,True
2018-01-30 17:21:53.719049,/cgi/ssd?id=uc1.32106019841920,336,13 August 1963 – 27 September 1963,33rd Parliament: 4th session,True,True
2018-01-30 17:20:57.404277,/cgi/ssd?id=uc1.a0001745553,337,1 October 1963 – 25 October 1963,33rd Parliament: 4th session,True,True
2018-01-30 17:21:54.098801,/cgi/ssd?id=uc1.a0001745561,338,10 June 1964 – 17 July 1964,34th Parliament: 1st session,True,True
2018-01-30 17:21:38.303048,/cgi/ssd?id=uc1.a0001745579,339,4 August 1964 – 15 September 1964,34th Parliament: 1st session,True,True
2018-01-30 17:21:27.740635,/cgi/ssd?id=uc1.a0001745587,340,16 September 1964 – 29 October 1964,34th Parliament: 1st session,True,True
2018-01-30 17:21:46.347067,/cgi/ssd?id=uc1.a0001745595,341,30 October 1964 – 4 December 1964,34th Parliament: 1st session,True,True
2018-01-30 17:21:47.253424,/cgi/ssd?id=uc1.a0001745603,342,27 May 1965 – 8 July 1965,34th Parliament: 2nd session,True,True
2018-01-30 17:21:27.865318,/cgi/ssd?id=uc1.a0001745611,343,9 July 1965 – 27 August 1965,34th Parliament: 2nd session,True,True
2018-01-30 17:21:29.191104,/cgi/ssd?id=uc1.a0001745629,344,31 August 1965 - 1 October 1965,34th Parliament: 2nd session,True,True
2018-01-30 17:21:55.675142,/cgi/ssd?id=uc1.a0001745637,345,5 October 1965 – 1 November 1965,34th Parliament: 2nd session,True,True
2018-01-30 17:21:45.627130,/cgi/ssd?id=uc1.b2940052,346,26 May 1966 – 30 June 1966,34th Parliament: 3rd session,True,True
2018-01-30 17:21:55.893994,/cgi/ssd?id=uc1.b2940053,347,1 July 1966 – 16 August 1966,34th Parliament: 3rd session,True,True
2018-01-30 17:21:55.704458,/cgi/ssd?id=uc1.b2940054,348,17 August 1966 – 29 September 1966,34th Parliament: 3rd session,True,True
2018-01-30 17:21:55.054291,/cgi/ssd?id=uc1.b2940055,349,30 September 1966 – 29 October 1966,34th Parliament: 3rd session,True,True
2018-01-30 17:21:47.661798,/cgi/ssd?id=uc1.b2940056,350,26 April 1967 – 1 June 1967,35th Parliament: 1st session,True,True
2018-01-30 17:22:01.568411,/cgi/ssd?id=uc1.b2940057,351,2 June 1967 – 19 July 1967,35th Parliament: 1st session,True,True
2018-01-30 17:21:27.651426,/cgi/ssd?id=uc1.b2940058,352,20 July 1967 – 13 September 1967,35th Parliament: 1st session,True,True
2018-01-30 17:21:55.684451,/cgi/ssd?id=uc1.b2940059,353,14 September 1967 – 2 November 1967,35th Parliament: 1st session,True,True
2018-01-30 17:21:45.356550,/cgi/ssd?id=uc1.b2940060,354,3 November 1967 – 24 November 1967,35th Parliament: 1st session,True,True
2018-01-30 17:21:44.459301,/cgi/ssd?id=uc1.b2940061,355,26 June 1968 – 30 July 1968,35th Parliament: 2nd session,True,True
2018-01-30 17:21:46.253423,/cgi/ssd?id=uc1.b2940062,356,31 July 1968 – 13 September 1968,35th Parliament: 2nd session,True,True
2018-01-30 17:21:52.007558,/cgi/ssd?id=uc1.b2940063,357,17 September 1968 – 30 October 1968,35th Parliament: 2nd session,True,True
2018-01-30 17:21:47.869991,/cgi/ssd?id=uc1.b2940064,358,31 October 1968 – 4 December 1968,35th Parliament: 2nd session,True,True
2018-01-30 17:22:00.281967,/cgi/ssd?id=uc1.b2940065,359,5 December 1968 – 19 December 1968,35th Parliament: 2nd session,True,True
2018-01-30 17:21:29.512060,/cgi/ssd?id=uc1.b2940066,360,15 May 1969 – 25 June 1969,35th Parliament: 3rd session,True,True
2018-01-30 17:21:52.629426,/cgi/ssd?id=uc1.b2940067,361,26 June 1969 – 25 July 1969,35th Parliament: 3rd session,True,True
2018-01-30 17:21:46.441774,/cgi/ssd?id=uc1.b2940068,362,5 August 1967 – 9 September 1969,35th Parliament: 3rd session,True,True
2018-01-30 17:21:27.725287,/cgi/ssd?id=uc1.b2940069,363,10 September 1969 – 2 October 1969,35th Parliament: 3rd session,True,True
2018-01-30 17:21:54.153046,/cgi/ssd?id=uc1.b2940070,364,3 October 1969 – 24 October 1969,35th Parliament: 3rd session,True,True
2018-01-30 17:21:50.078760,/cgi/ssd?id=uc1.b2940071,365,12 March 1970 – 24 April 1970,36th Parliament: 1st session,True,True
2018-01-30 17:21:28.089011,/cgi/ssd?id=uc1.b2940072,366,19 May 1970 – 8 July 1970,36th Parliament: 1st session,True,True
2018-01-30 17:21:57.345375,/cgi/ssd?id=uc1.b2940073,367,9 July 1970 – 21 August 1970,36th Parliament: 1st session,True,True
2018-01-30 17:21:45.922829,/cgi/ssd?id=uc1.b2940078,368,25 August 1970 – 25 September 1970,36th Parliament: 1st session,True,True
2018-01-30 17:21:33.879084,/cgi/ssd?id=uc1.b2940079,369,29 September 1970 – 29 October 1970,36th Parliament: 1st session,True,True
2018-01-30 17:20:56.687403,/cgi/ssd?id=uc1.b2940080,370,30 October 1970 – 3 December 1970,36th Parliament: 1st session,True,True
2018-01-30 17:21:43.322561,/cgi/ssd?id=uc1.b2940081,371,25 February 1971 – 24 March 1971,36th Parliament: 2nd session,True,True
2018-01-30 17:21:47.443073,/cgi/ssd?id=uc1.b2940127,372,9 June 1971 – 7 July 1971,36th Parliament: 2nd session,True,True
2018-01-30 17:21:36.922059,/cgi/ssd?id=uc1.b2940076,373,8 July 1971 – 20 August 1971,36th Parliament: 2nd session,True,True
2018-01-30 17:21:55.479954,/cgi/ssd?id=uc1.b2940077,374,24 August 1971 – 21 September 1971,36th Parliament: 2nd session,True,True
2018-01-30 17:21:29.074621,/cgi/ssd?id=uc1.b2940074,375,22 September 1971 – 28 October 1971,36th Parliament: 2nd session,True,True
2018-01-30 17:21:29.919932,/cgi/ssd?id=uc1.b2940075,376,29 October 1971 – 19 November 1971,36th Parliament: 2nd session,True,True
2018-01-30 17:21:47.172833,/cgi/ssd?id=uc1.b2940128,377,23 November 1971 – 17 December 1971,36th Parliament: 2nd session,True,True
2018-01-30 17:21:54.364632,/cgi/ssd?id=uc1.b2940129,378,7 June 1972 – 6 July 1972,36th Parliament: 3rd session,True,True
2018-01-30 17:21:44.519192,/cgi/ssd?id=uc1.b2940130,379,7 July 1972 – 9 August 1972,36th Parliament: 3rd session,True,True
2018-01-30 17:21:55.106706,/cgi/ssd?id=uc1.b2940131,380,10 August 1972 – 14 September 1972,36th Parliament: 3rd session,True,True
2018-01-30 17:21:29.911417,/cgi/ssd?id=uc1.b2940132,381,15 September 1972 – 20 October 1972,36th Parliament: 3rd session,True,True
2018-01-30 17:21:55.961004,/cgi/ssd?id=uc1.b2940133,382,14 February 1973 – 16 March 1973,37th Parliament: 1st session,True,True
2018-01-30 17:21:37.777644,/cgi/ssd?id=uc1.b2940134,383,5 June 1973 – 29 June 1973,37th Parliament: 1st session,True,True
2018-01-30 17:21:38.628267,/cgi/ssd?id=uc1.b2940135,384,3 July 1973 – 31 July 1973,37th Parliament: 1st session,True,True
2018-01-30 17:22:00.919189,/cgi/ssd?id=uc1.b2940136,385,1 August 1973 – 13 September 1973,37th Parliament: 1st session,True,True
2018-01-30 17:21:27.556223,/cgi/ssd?id=uc1.b2940137,386,14 September 1973 – 12 October 1973,37th Parliament: 1st session,True,True
2018-01-30 17:21:45.353975,/cgi/ssd?id=uc1.b2940138,387,16 October 1973 – 7 November 1973,37th Parliament: 1st session,True,True
2018-01-30 17:21:37.903580,/cgi/ssd?id=uc1.b2940139,388,8 November 1973 – 23 November 1973,37th Parliament: 1st session,True,True
2018-01-30 17:21:55.006995,/cgi/ssd?id=uc1.b2940140,389,4 February 1974 – 14 March 1974,37th Parliament: 2nd session,True,True
2018-01-30 17:22:02.808431,/cgi/ssd?id=uc1.b2940141,390,15 March 1974 – 7 June 1974,37th Parliament: 2nd session,True,True
2018-01-30 17:21:55.667781,/cgi/ssd?id=uc1.b2940142,391,11 June 1974 – 5 July 1974,36th Parliament: 2nd session,True,True
2018-01-30 17:21:55.845350,/cgi/ssd?id=uc1.b2940143,392,9 July 1974 – 1 August 1974,37th Parliament: 2nd session,True,True
2018-01-30 17:21:47.331696,/cgi/ssd?id=uc1.b2940144,393,2 August 1974 – 3 September 1974,37th Parliament: 2nd session,True,True
2018-01-30 17:21:29.774956,/cgi/ssd?id=uc1.b2940145,394,17 September 1974 – 10 October 1974,37th Parliament: 2nd session,True,True
2018-01-30 17:21:45.630553,/cgi/ssd?id=uc1.b2940146,395,11 October 1974 – 8 November 1974,37th Parliament: 2nd session,True,True
2018-01-30 17:22:02.427755,/cgi/ssd?id=uc1.b2940147,396,25 March 1975 – 23 April 1975,37th Parliament: 3rd session,True,True
2018-01-30 17:21:28.794044,/cgi/ssd?id=uc1.b2940148,397,24 April 1975 – 30 May 1975,37th Parliament: 3rd session,True,True
2018-01-30 17:20:53.358602,/cgi/ssd?id=uc1.b2940149,398,3 June 1975 – 24 June 1975,37th Parliament: 3rd session,True,True
2018-01-30 17:21:46.565438,/cgi/ssd?id=uc1.b2940150,399,25 June 1975 – 22 July 1975,37th Parliament: 3rd session,True,True
2018-01-30 17:21:36.963108,/cgi/ssd?id=uc1.b2940151,400,23 July 1975 – 29 August 1975,37th Parliament: 3rd session,True,True
2018-01-30 17:22:02.205724,/cgi/ssd?id=uc1.b2940152,401,2 September 1975 – 26 September 1975,37th Parliament: 3rd session,True,True
2018-01-30 17:21:55.885924,/cgi/ssd?id=uc1.b2940153,402,30 September 1975 – 10 October 1975,37th Parliament: 3rd session,True,True
2018-01-30 17:21:54.787221,/cgi/ssd?id=uc1.b2940154,403,22 June 1976 – 20 July 1976,38th Parliament: 1st session,True,True
2018-01-30 17:21:29.082192,/cgi/ssd?id=uc1.b2940155,404,21 July 1976 – 11 August 1976,38th Parliament: 1st session,True,True
2018-01-30 17:22:01.571563,/cgi/ssd?id=uc1.b2940156,405,12 August 1976 – 7 September 1976,38th Parliament: 1st session,True,True
2018-01-30 17:21:45.614222,/cgi/ssd?id=uc1.b2940157,406,8 September 1976 – 13 October 1976,38th Parliament: 1st session,True,True
2018-01-30 17:21:47.811682,/cgi/ssd?id=uc1.b2940158,407,14 October 1976 – 12 November 1976,38th Parliament: 1st session,True,True
2018-01-30 17:21:59.771401,/cgi/ssd?id=uc1.b2940159,408,16 November 1976 – 14 December 1976,38th Parliament: 1st session,True,True
2018-01-30 17:21:26.828916,/cgi/ssd?id=uc1.b2940160,409,28 February 1977,38th Parliament: 2nd session,True,True
2018-01-30 17:21:27.087685,/cgi/ssd?id=uc1.b2940161,410,19 May 1977 – 16 June 1977,38th Parliament: 3rd session,True,True
2018-01-30 17:21:44.795200,/cgi/ssd?id=uc1.b2940162,411,17 June 1977 – 21 July 1977,38th Parliament: 3rd session,True,True
2018-01-30 17:21:47.362137,/cgi/ssd?id=uc1.b2940163,412,22 July 1977 – 19 August 1977,38th Parliament: 3rd session,True,True
2018-01-30 17:21:36.843849,/cgi/ssd?id=uc1.b2940164,413,23 August 1977 – 21 September 1977,38th Parliament: 3rd session,True,True
2018-01-30 17:21:55.964567,/cgi/ssd?id=uc1.b2940165,414,22 September 1977 – 25 October 1977,38th Parliament: 3rd session,True,True
2018-01-30 17:22:01.546629,/cgi/ssd?id=uc1.b2940166,415,26 October 1977 – 22 November 1977,38th Parliament: 3rd session,True,True
2018-01-30 17:22:02.553517,/cgi/ssd?id=uc1.b2940167,416,23 November 1977 – 16 December 1977,38th Parliament: 3rd session,True,True
2018-01-30 17:21:52.027565,/cgi/ssd?id=uc1.b2940168,417,10 May 1978 – 14 June 1978,38th Parliament: 4th session,True,True
2018-01-30 17:21:55.638455,/cgi/ssd?id=uc1.b3103120,418,15 June 1978 – 12 July 1978,38th Parliament: 4th session,True,True
2018-01-30 17:21:30.702028,/cgi/ssd?id=uc1.b3103121,419,13 July 1978 - 15 August 1978,38th Parliament: 4th session,True,True
2018-01-30 17:21:47.699666,/cgi/ssd?id=uc1.b3103122,420,16 August 1978 – 14 September 1978,38th Parliament: 4th session,True,True
2018-01-30 17:22:01.777742,/cgi/ssd?id=uc1.b3281372,421,15 September 1978 – 6 October 1978,38th Parliament: 4th session,True,True
2018-01-30 17:21:47.439664,/cgi/ssd?id=uc1.b3281373,422,16 May 1979 – 14 June 1979,39th Parliament: 1st session,True,True
2018-01-30 17:21:47.663348,/cgi/ssd?id=uc1.b3281374,423,15 June 1979 – 13 July 1979,39th Parliament: 1st session,True,True
2018-01-30 17:21:37.512454,/cgi/ssd?id=uc1.b3281375,424,17 July 1979 – 15 August 1979,39th Parliament: 1st session,True,True
2018-01-30 17:22:00.050756,/cgi/ssd?id=uc1.b3281376,425,16 August 1979 – 20 September 1979,39th Parliament: 1st session,True,True
2018-01-30 17:22:00.578802,/cgi/ssd?id=uc1.b3281377,426,21 September 1979 – 25 October 1979,39th Parliament: 1st session,True,True
2018-01-30 17:22:01.915363,/cgi/ssd?id=uc1.b3281378,427,26 October 1979 – 6 December 1979,39th Parliament: 1st session,True,True
2018-01-30 17:21:59.875121,/cgi/ssd?id=uc1.b3281379,428,7 December 1979 – 14 December 1979,39th Parliament: 1st session,True,True
2018-01-30 17:22:00.784825,/cgi/ssd?id=uc1.b3281380,429,15 May 1980 - 11 June 1980,39th Parliament: 2nd session,True,True
2018-01-30 17:21:38.970097,/cgi/ssd?id=uc1.b3281381,430,12 June 1980 – 8 July 1980,39th Parliament: 2nd session,True,True
2018-01-30 17:21:55.901714,/cgi/ssd?id=uc1.b3281382,431,9 July 1980 – 30 July 1980,39th Parliament: 2nd session,True,True
2018-01-30 17:22:01.308740,/cgi/ssd?id=uc1.b3281383,432,31 July 1980 – 28 August 1980,39th Parliament: 2nd session,True,True
2018-01-30 17:22:01.447040,/cgi/ssd?id=uc1.b3281384,433,29 August 1980 – 1 October 1980,39th Parliament: 2nd session,True,True
2018-01-30 17:22:01.182162,/cgi/ssd?id=uc1.b3281385,434,2 October 1980 – 5 November 1980,39th Parliament: 2nd session,True,True
2018-01-30 17:21:55.896386,/cgi/ssd?id=uc1.b3281386,435,6 November 1980 – 27 November 1980,39th Parliament: 2nd session,True,True
2018-01-30 17:22:04.138372,/cgi/ssd?id=uc1.b3281387,436,28 November 1980 – 12 December 1980,39th Parliament: 2nd session,True,True
2018-01-30 17:22:00.213174,/cgi/ssd?id=uc1.b3281388,437,28 May 1981 – 23 June 1981,39th Parliament: 3rd session,True,True
2018-01-30 17:22:01.318734,/cgi/ssd?id=uc1.b3281389,438,24 June 1981 – 16 July 1981,39th Parliament: 3rd session,True,True
2018-01-30 17:21:37.455007,/cgi/ssd?id=uc1.b3281390,439,17 July 1981 - 7 August 1981,39th Parliament: 3rd session,True,True
2018-01-30 17:21:54.314804,/cgi/ssd?id=uc1.b3281391,440,11 August 1981 – 9 September 1981,39th Parliament: 3rd session,True,True
2018-01-30 17:21:53.864345,/cgi/ssd?id=uc1.b3281392,441,10 September 1981 – 9 October 1981,39th Parliament: 3rd session,True,True
2018-01-30 17:21:27.936390,/cgi/ssd?id=uc1.b3281393,442,13 October 1981 – 23 October 1981,39th Parliament: 3rd session,True,True
2018-01-30 17:21:39.276375,/cgi/ssd?id=uc1.b3281394,443,6 April 1982 – 4 May 1982,40th Parliament: 1st session,True,True
2018-01-30 17:21:47.540167,/cgi/ssd?id=uc1.b3281395,444,5 May 1982 – 30 July 1982,40th Parliament: 1st session,True,True
2018-01-30 17:21:39.255898,/cgi/ssd?id=uc1.b3281396,445,3 August 1982 – 20 August 1982,40th Parliament: 1st session,True,True
2018-01-30 17:21:29.585915,/cgi/ssd?id=uc1.b3281397,446,24 August 1982 – 16 September 1982,40th Parliament: 1st session,True,True
2018-01-30 17:21:39.319631,/cgi/ssd?id=uc1.b3281398,447,17 September 1982 – 15 October 1982,40th Parliament: 1st session,True,True
2018-01-30 17:21:55.694501,/cgi/ssd?id=uc1.b3281399,448,19 October 1982 – 26 November 1982,40th Parliament: 1st session,True,True
2018-01-30 17:21:46.417001,/cgi/ssd?id=uc1.b3281400,449,30 November 1982 - 17 December 1982,40th Parliament: 1st session,True,True
2018-01-30 17:21:52.801571,/cgi/ssd?id=uc1.b3281401,450,7 April 1983 – 4 May 1983,40th Parliament: 2nd session,True,True
2018-01-30 17:21:29.304737,/cgi/ssd?id=uc1.b3281402,451,31 May 1983 – 18 August 1983,40th Parliament: 2nd session,True,True
2018-01-30 17:21:55.097233,/cgi/ssd?id=uc1.b3281403,452,19 August 1983 – 14 September 1983,40th Parliament: 2nd session,True,True
2018-01-30 17:21:28.951219,/cgi/ssd?id=uc1.b3281404,453,15 September 1983 – 20 October 1983,40th Parliament: 2nd session,True,True
2018-01-30 17:21:39.313355,/cgi/ssd?id=uc1.b3281405,454,21 October 1983 – 18 November 1983,40th Parliament: 2nd session,True,True
2018-01-30 17:21:29.903679,/cgi/ssd?id=uc1.b3281406,455,22 November 1983 – 16 December 1983,40th Parliament: 2nd session,True,True
2018-01-30 17:21:27.337776,/cgi/ssd?id=uc1.b3281407,456,31 May 1984 – 14 June 1984,40th Parliament: 3rd session,True,True
2018-01-30 17:21:29.898059,/cgi/ssd?id=uc1.b3281408,457,15 August 1984 – 3 October 1984,41st Parliament: 1st session,True,True
2018-01-30 17:21:46.951919,/cgi/ssd?id=uc1.b3281409,458,4 October 1984 – 8 November 1984,41st Parliament: 1st session,True,True
2018-01-30 17:21:36.450252,/cgi/ssd?id=uc1.b3281410,459,13 November 1984 - 5 December 1984,41st Parliament: 1st session,True,True
2018-01-30 17:21:46.194085,/cgi/ssd?id=uc1.b3281411,460,6 December 1984 – 20 February 1985,41st Parliament: 1st session,True,True
2018-01-30 17:21:28.936912,/cgi/ssd?id=uc1.b3281412,461,21 February 1985 – 21 March 1985,41st Parliament: 1st session,True,True
2018-01-30 17:21:37.911949,/cgi/ssd?id=uc1.b3281413,462,22 March 1985 – 7 June 1985,41st Parliament: 1st session,True,True
2018-01-30 17:21:39.681968,/cgi/ssd?id=uc1.b3281414,463,11 June 1985 – 11 July 1985,41st Parliament: 1st session,True,True
2018-01-30 17:21:27.658132,/cgi/ssd?id=uc1.b3281415,464,12 July 1985 – 26 July 1985,41st Parliament: 1st session,True,True
2018-01-30 17:21:28.638768,/cgi/ssd?id=uc1.b3281416,465,6 August 1985 – 12 September 1985,41st Parliament: 1st session,True,True
2018-01-30 17:21:28.023506,/cgi/ssd?id=uc1.l0107625253,466,17 September 1985 – 23 October 1985,41st Parliament: 1st session,True,True
2018-01-30 17:22:01.038089,/cgi/ssd?id=uc1.l0107625295,467,24 October 1985 – 21 November 1985,41st Parliament: 1st session,True,True
2018-01-30 17:22:00.533305,/cgi/ssd?id=uc1.l0107625279,468,26 November 1985 – 12 December 1985,41st Parliament: 1st session,True,True
2018-01-30 17:21:55.579181,/cgi/ssd?id=uc1.l0107625238,469,26 February 1986 - 26 March 1986,41st Parliament: 2nd session,True,True
2018-01-30 17:21:39.155077,/cgi/ssd?id=uc1.l0107625196,470,8 April 1986 – 29 April 1986,41st Parliament: 2nd session,True,True
2018-01-30 17:22:00.142010,/cgi/ssd?id=uc1.l0107625154,471,27 May 1986 – 19 June 1986,41st Parliament: 2nd session,True,True
2018-01-30 17:22:00.725642,/cgi/ssd?id=uc1.l0107625071,472,1 July 1986 – 17 July 1986,41st Parliament: 2nd session,True,True
2018-01-30 17:21:47.804902,/cgi/ssd?id=uc1.31158012952981,473,29 July 1986 – 14 August 1986,41st Parliament: 2nd session,True,True
2018-01-30 17:22:01.215693,/cgi/ssd?id=uc1.l0107625113,474,9 September 1986 – 2 October 1986,41st Parliament: 2nd session,True,True
2018-01-30 17:21:59.347679,/cgi/ssd?id=uc1.l0107625030,475,14 October 1986 – 26 November 1986,41st Parliament: 2nd session,True,True
2018-01-30 17:22:00.534166,/cgi/ssd?id=uc1.l0107624991,476,27 November 1986 – 11 December 1986,41st Parliament: 2nd session,True,True
2018-01-30 17:21:55.744431,/cgi/ssd?id=uc1.l0107624959,477,16 December 1986 – 12 February 1987,41st Parliament: 2nd session,True,True
2018-01-30 17:21:38.711683,/cgi/ssd?id=uc1.l0107624918,478,17 February 1987 – 12 March 1987,41st Parliament: 2nd session,True,True
2018-01-30 17:21:55.603233,/cgi/ssd?id=uc1.l0107624876,479,17 March 1987 – 9 April 1987,41st Parliament: 2nd session,True,True
2018-01-30 17:22:01.486295,/cgi/ssd?id=uc1.l0107624835,480,28 April 1987 – 4 June 1987,41st Parliament: 2nd session,True,True
2018-01-30 17:22:00.981675,/cgi/ssd?id=uc1.l0107625261,481,9 June 1987 – 24 June 1987,41st Parliament: 2nd session,True,True
2018-01-30 17:21:59.895813,/cgi/ssd?id=uc1.31158012809637,482,30 June 1987 – 29 July 1987,41st Parliament: 2nd session,True,True
,https://drive.google.com/drive/folders/0B1Iwfzv-Mt3CRGZkMWNfeXoybmc,483,,,True,True
,https://drive.google.com/drive/folders/0B1Iwfzv-Mt3CRGZkMWNfeXoybmc,484,,,True,True
,https://drive.google.com/drive/folders/0B1Iwfzv-Mt3CRGZkMWNfeXoybmc,485,,,True,True
,https://drive.google.com/drive/folders/0B1Iwfzv-Mt3CRGZkMWNfeXoybmc,486,,,True,True
,https://drive.google.com/drive/folders/0B1Iwfzv-Mt3CRGZkMWNfeXoybmc,487,,,True,True
,https://drive.google.com/drive/folders/0B1Iwfzv-Mt3CRGZkMWNfeXoybmc,488,,,True,True
,https://drive.google.com/drive/folders/0B1Iwfzv-Mt3CRGZkMWNfeXoybmc,489,,,True,True
,https://drive.google.com/drive/folders/0B1Iwfzv-Mt3CRGZkMWNfeXoybmc,490,,,True,True
,https://drive.google.com/drive/folders/0B1Iwfzv-Mt3CRGZkMWNfeXoybmc,491,,,True,True
,https://drive.google.com/drive/folders/0B1Iwfzv-Mt3CRGZkMWNfeXoybmc,492,,,True,True
,https://drive.google.com/drive/folders/0B1Iwfzv-Mt3CRGZkMWNfeXoybmc,493,,,True,True
,https://drive.google.com/drive/folders/0B1Iwfzv-Mt3CRGZkMWNfeXoybmc,494,,,True,True
,https://drive.google.com/drive/folders/0B1Iwfzv-Mt3CRGZkMWNfeXoybmc,495,,,True,True
,https://drive.google.com/drive/folders/0B1Iwfzv-Mt3CRGZkMWNfeXoybmc,496,,,True,True
,https://drive.google.com/drive/folders/0B1Iwfzv-Mt3CRGZkMWNfeXoybmc,497,,,True,True
,https://drive.google.com/drive/folders/0B1Iwfzv-Mt3CRGZkMWNfeXoybmc,498,,,True,True
,https://drive.google.com/drive/folders/0B1Iwfzv-Mt3CRGZkMWNfeXoybmc,499,,,True,True
,https://drive.google.com/drive/folders/0B1Iwfzv-Mt3CRGZkMWNfeXoybmc,500,,,True,True
,https://drive.google.com/drive/folders/0B1Iwfzv-Mt3CRGZkMWNfeXoybmc,501,,,True,True
,https://drive.google.com/drive/folders/0B1Iwfzv-Mt3CRGZkMWNfeXoybmc,502,,,True,True
,https://drive.google.com/drive/folders/0B1Iwfzv-Mt3CRGZkMWNfeXoybmc,503,,,True,True
,https://drive.google.com/drive/folders/0B1Iwfzv-Mt3CRGZkMWNfeXoybmc,504,,,True,True
,https://drive.google.com/drive/folders/0B1Iwfzv-Mt3CRGZkMWNfeXoybmc,505,,,True,True
,https://drive.google.com/drive/folders/0B1Iwfzv-Mt3CRGZkMWNfeXoybmc,506,,,True,True
,https://drive.google.com/drive/folders/0B1Iwfzv-Mt3CRGZkMWNfeXoybmc,507,,,True,True
,https://drive.google.com/drive/folders/0B1Iwfzv-Mt3CRGZkMWNfeXoybmc,508,,,True,True
,https://drive.google.com/drive/folders/0B1Iwfzv-Mt3CRGZkMWNfeXoybmc,509,,,True,True
,https://drive.google.com/drive/folders/0B1Iwfzv-Mt3CRGZkMWNfeXoybmc,510,,,True,True
,https://drive.google.com/drive/folders/0B1Iwfzv-Mt3CRGZkMWNfeXoybmc,511,,,True,True
,https://drive.google.com/drive/folders/0B1Iwfzv-Mt3CRGZkMWNfeXoybmc,512,,,True,True
,https://drive.google.com/drive/folders/0B1Iwfzv-Mt3CRGZkMWNfeXoybmc,513,,,True,True
,https://drive.google.com/drive/folders/0B1Iwfzv-Mt3CRGZkMWNfeXoybmc,514,,,True,True
,https://drive.google.com/drive/folders/0B1Iwfzv-Mt3CRGZkMWNfeXoybmc,515,,,True,True
,https://drive.google.com/drive/folders/0B1Iwfzv-Mt3CRGZkMWNfeXoybmc,516,,,True,True
,https://drive.google.com/drive/folders/0B1Iwfzv-Mt3CRGZkMWNfeXoybmc,517,,,True,True
,https://drive.google.com/drive/folders/0B1Iwfzv-Mt3CRGZkMWNfeXoybmc,518,,,True,True
,https://drive.google.com/drive/folders/0B1Iwfzv-Mt3CRGZkMWNfeXoybmc,519,,,True,True
,https://drive.google.com/drive/folders/0B1Iwfzv-Mt3CRGZkMWNfeXoybmc,520,,,True,True
,https://drive.google.com/drive/folders/0B1Iwfzv-Mt3CRGZkMWNfeXoybmc,521,,,True,True
,https://drive.google.com/drive/folders/0B1Iwfzv-Mt3CRGZkMWNfeXoybmc,522,,,True,True
,https://drive.google.com/drive/folders/0B1Iwfzv-Mt3CRGZkMWNfeXoybmc,523,,,True,True
,https://drive.google.com/drive/folders/0B1Iwfzv-Mt3CRGZkMWNfeXoybmc,524,,,True,True
,https://drive.google.com/drive/folders/0B1Iwfzv-Mt3CRGZkMWNfeXoybmc,525,,,True,True
,https://drive.google.com/drive/folders/0B1Iwfzv-Mt3CRGZkMWNfeXoybmc,526,,,True,True
,https://drive.google.com/drive/folders/0B1Iwfzv-Mt3CRGZkMWNfeXoybmc,527,,,True,True
,https://drive.google.com/drive/folders/0B1Iwfzv-Mt3CRGZkMWNfeXoybmc,528,,,True,True
,https://drive.google.com/drive/folders/0B1Iwfzv-Mt3CRGZkMWNfeXoybmc,529,,,True,True
,https://drive.google.com/drive/folders/0B1Iwfzv-Mt3CRGZkMWNfeXoybmc,530,,,True,True
,https://drive.google.com/drive/folders/0B1Iwfzv-Mt3CRGZkMWNfeXoybmc,531,,,True,True
,https://drive.google.com/drive/folders/0B1Iwfzv-Mt3CRGZkMWNfeXoybmc,532,,,True,True
,https://drive.google.com/drive/folders/0B1Iwfzv-Mt3CRGZkMWNfeXoybmc,533,,,True,True
,https://drive.google.com/drive/folders/0B1Iwfzv-Mt3CRGZkMWNfeXoybmc,534,,,True,True
,https://drive.google.com/drive/folders/0B1Iwfzv-Mt3CRGZkMWNfeXoybmc,535,,,True,True
,https://drive.google.com/drive/folders/0B1Iwfzv-Mt3CRGZkMWNfeXoybmc,536,,,True,True
,https://drive.google.com/drive/folders/0B1Iwfzv-Mt3CRGZkMWNfeXoybmc,537,,,True,True
,https://drive.google.com/drive/folders/0B1Iwfzv-Mt3CRGZkMWNfeXoybmc,538,,,True,True
,https://drive.google.com/drive/folders/0B1Iwfzv-Mt3CRGZkMWNfeXoybmc,539,,,True,True
,https://drive.google.com/drive/folders/0B1Iwfzv-Mt3CRGZkMWNfeXoybmc,540,,,True,True
,https://drive.google.com/drive/folders/0B1Iwfzv-Mt3CRGZkMWNfeXoybmc,541,,,True,True
,https://drive.google.com/drive/folders/0B1Iwfzv-Mt3CRGZkMWNfeXoybmc,542,,,True,True
,https://drive.google.com/drive/folders/0B1Iwfzv-Mt3CRGZkMWNfeXoybmc,543,,,True,True
,https://drive.google.com/drive/folders/0B1Iwfzv-Mt3CRGZkMWNfeXoybmc,544,,,True,True
,https://drive.google.com/drive/folders/0B1Iwfzv-Mt3CRGZkMWNfeXoybmc,545,,,True,True
,https://drive.google.com/drive/folders/0B1Iwfzv-Mt3CRGZkMWNfeXoybmc,546,,,True,True
,https://drive.google.com/drive/folders/0B1Iwfzv-Mt3CRGZkMWNfeXoybmc,547,,,True,True
,https://drive.google.com/drive/folders/0B1Iwfzv-Mt3CRGZkMWNfeXoybmc,548,,,True,True
,https://drive.google.com/drive/folders/0B1Iwfzv-Mt3CRGZkMWNfeXoybmc,549,,,True,True
,https://drive.google.com/drive/folders/0B1Iwfzv-Mt3CRGZkMWNfeXoybmc,550,,,True,True
,https://drive.google.com/drive/folders/0B1Iwfzv-Mt3CRGZkMWNfeXoybmc,551,,,True,True
,https://drive.google.com/drive/folders/0B1Iwfzv-Mt3CRGZkMWNfeXoybmc,552,,,True,True
,https://drive.google.com/drive/folders/0B1Iwfzv-Mt3CRGZkMWNfeXoybmc,553,,,True,True
,https://drive.google.com/drive/folders/0B1Iwfzv-Mt3CRGZkMWNfeXoybmc,554,,,True,True
,https://drive.google.com/drive/folders/0B1Iwfzv-Mt3CRGZkMWNfeXoybmc,555,,,True,True
,https://drive.google.com/drive/folders/0B1Iwfzv-Mt3CRGZkMWNfeXoybmc,556,,,True,True
,https://drive.google.com/drive/folders/0B1Iwfzv-Mt3CRGZkMWNfeXoybmc,557,,,True,True
,https://drive.google.com/drive/folders/0B1Iwfzv-Mt3CRGZkMWNfeXoybmc,558,,,True,True
,https://drive.google.com/drive/folders/0B1Iwfzv-Mt3CRGZkMWNfeXoybmc,559,,,True,True
,https://drive.google.com/drive/folders/0B1Iwfzv-Mt3CRGZkMWNfeXoybmc,560,,,True,True
,https://drive.google.com/drive/folders/0B1Iwfzv-Mt3CRGZkMWNfeXoybmc,561,,,True,True
,https://drive.google.com/drive/folders/0B1Iwfzv-Mt3CRGZkMWNfeXoybmc,562,,,True,True
,https://drive.google.com/drive/folders/0B1Iwfzv-Mt3CRGZkMWNfeXoybmc,563,,,True,True
,https://drive.google.com/drive/folders/0B1Iwfzv-Mt3CRGZkMWNfeXoybmc,564,,,True,True
,https://drive.google.com/drive/folders/0B1Iwfzv-Mt3CRGZkMWNfeXoybmc,565,,,True,True
,https://drive.google.com/drive/folders/0B1Iwfzv-Mt3CRGZkMWNfeXoybmc,566,,,True,True
,https://drive.google.com/drive/folders/0B1Iwfzv-Mt3CRGZkMWNfeXoybmc,567,,,True,True
,https://drive.google.com/drive/folders/0B1Iwfzv-Mt3CRGZkMWNfeXoybmc,568,,,True,True
,https://drive.google.com/drive/folders/0B1Iwfzv-Mt3CRGZkMWNfeXoybmc,569,,,True,True
,https://drive.google.com/drive/folders/0B1Iwfzv-Mt3CRGZkMWNfeXoybmc,570,,,True,True
,https://drive.google.com/drive/folders/0B1Iwfzv-Mt3CRGZkMWNfeXoybmc,571,,,True,True
,https://drive.google.com/drive/folders/0B1Iwfzv-Mt3CRGZkMWNfeXoybmc,572,,,True,True
,https://drive.google.com/drive/folders/0B1Iwfzv-Mt3CRGZkMWNfeXoybmc,573,,,True,True
,https://drive.google.com/drive/folders/0B1Iwfzv-Mt3CRGZkMWNfeXoybmc,574,,,True,True
,https://drive.google.com/drive/folders/0B1Iwfzv-Mt3CRGZkMWNfeXoybmc,575,,,True,True
,https://drive.google.com/drive/folders/0B1Iwfzv-Mt3CRGZkMWNfeXoybmc,576,,,True,True
,https://drive.google.com/drive/folders/0B1Iwfzv-Mt3CRGZkMWNfeXoybmc,577,,,True,True
,https://drive.google.com/drive/folders/0B1Iwfzv-Mt3CRGZkMWNfeXoybmc,578,,,True,True
,https://drive.google.com/drive/folders/0B1Iwfzv-Mt3CRGZkMWNfeXoybmc,579,,,True,True
,https://drive.google.com/drive/folders/0B1Iwfzv-Mt3CRGZkMWNfeXoybmc,580,,,True,True
,https://drive.google.com/drive/folders/0B1Iwfzv-Mt3CRGZkMWNfeXoybmc,581,,,True,True
,https://drive.google.com/drive/folders/0B1Iwfzv-Mt3CRGZkMWNfeXoybmc,582,,,True,True
,https://drive.google.com/drive/folders/0B1Iwfzv-Mt3CRGZkMWNfeXoybmc,583,,,True,True
,https://drive.google.com/drive/folders/0B1Iwfzv-Mt3CRGZkMWNfeXoybmc,584,,,True,True
,https://drive.google.com/drive/folders/0B1Iwfzv-Mt3CRGZkMWNfeXoybmc,585,,,True,True
,https://drive.google.com/drive/folders/0B1Iwfzv-Mt3CRGZkMWNfeXoybmc,586,,,True,True
,https://drive.google.com/drive/folders/0B1Iwfzv-Mt3CRGZkMWNfeXoybmc,587,,,True,True
,https://drive.google.com/drive/folders/0B1Iwfzv-Mt3CRGZkMWNfeXoybmc,588,,,True,True
,https://drive.google.com/drive/folders/0B1Iwfzv-Mt3CRGZkMWNfeXoybmc,589,,,True,True
,https://drive.google.com/drive/folders/0B1Iwfzv-Mt3CRGZkMWNfeXoybmc,590,,,True,True
,https://drive.google.com/drive/folders/0B1Iwfzv-Mt3CRGZkMWNfeXoybmc,591,,,True,True
,https://drive.google.com/drive/folders/0B1Iwfzv-Mt3CRGZkMWNfeXoybmc,592,,,True,True
,https://drive.google.com/drive/folders/0B1Iwfzv-Mt3CRGZkMWNfeXoybmc,593,,,True,True
,https://drive.google.com/drive/folders/0B1Iwfzv-Mt3CRGZkMWNfeXoybmc,594,,,True,True
,https://drive.google.com/drive/folders/0B1Iwfzv-Mt3CRGZkMWNfeXoybmc,595,,,True,True
,https://drive.google.com/drive/folders/0B1Iwfzv-Mt3CRGZkMWNfeXoybmc,596,,,True,True
,https://drive.google.com/drive/folders/0B1Iwfzv-Mt3CRGZkMWNfeXoybmc,597,,,True,True
,https://drive.google.com/drive/folders/0B1Iwfzv-Mt3CRGZkMWNfeXoybmc,598,,,True,True
,https://drive.google.com/drive/folders/0B1Iwfzv-Mt3CRGZkMWNfeXoybmc,599,,,True,True
,https://drive.google.com/drive/folders/0B1Iwfzv-Mt3CRGZkMWNfeXoybmc,600,,,True,True
,https://drive.google.com/drive/folders/0B1Iwfzv-Mt3CRGZkMWNfeXoybmc,601,,,True,True
,https://drive.google.com/drive/folders/0B1Iwfzv-Mt3CRGZkMWNfeXoybmc,602,,,True,True
,https://drive.google.com/drive/folders/0B1Iwfzv-Mt3CRGZkMWNfeXoybmc,603,,,True,True
,https://drive.google.com/drive/folders/0B1Iwfzv-Mt3CRGZkMWNfeXoybmc,604,,,True,True
,https://drive.google.com/drive/folders/0B1Iwfzv-Mt3CRGZkMWNfeXoybmc,605,,,True,True
